<?xml version="1.0" encoding="UTF-8" standalone="yes"?>
<addon id="plugin.program.hackerteamwizard" name="HackerTeam Wizard" version="1.8.0" provider-name="Hackerteam">
  <requires>
    <import addon="xbmc.python" version="2.1.0"/>
  </requires>
  <extension point="xbmc.python.pluginsource" library="default.py">
        <provides>executable</provides>
  </extension>
  <extension point="xbmc.service" library="startup.py" start="startup" />
  <extension point="xbmc.addon.metadata">
    <summary lang="en">HackerTeam Wizard</summary>
    <description lang="en">HackerTeam Wizard los mejores wizard y ajustes a un click.</description>
    <platform>all</platform>
  </extension>
</addon>